id;first_name;last_name;phone_number;email_address;primary_contact;is_minor;ssn;background_check_date;background_check_confirmation_number;employment_verification_date;employment_verification_confirmation_number
1;Ayana;MacGyver;back-end;Garden Home Loan Account;true;false;Ghana Lead;2020-05-09;visualize;2020-05-10;leading-edge
2;Eugenia;Rodriguez;5th generation Intelligent;Forint Buckinghamshire;true;true;hack;2020-05-09;Handcrafted programming Personal Loan Account;2020-05-09;Shoes Ports Metal
3;Candelario;Weber;model;Designer Dale New Jersey;false;true;Buckinghamshire grey;2020-05-09;Mobility Savings Account;2020-05-09;Palladium knowledge user Security
4;Thurman;Kulas;Home Loan Account;Burundi;false;false;green invoice Gorgeous;2020-05-09;Nebraska dedicated;2020-05-09;web-enabled Applications matrix
5;Xzavier;Schiller;withdrawal;withdrawal Fish;true;false;Ergonomic Frozen Keyboard Associate Generic Metal Car;2020-05-10;Credit Card Account Compatible zero administration;2020-05-09;channels
6;Maya;Schuppe;Distributed hacking Avon;backing up;false;true;Wooden;2020-05-09;Tennessee;2020-05-09;Steel
7;Rhiannon;Gleichner;Cote d'Ivoire Small Wooden Salad;experiences;false;false;Ergonomic Frozen Keyboard encompassing;2020-05-09;static Ball Ergonomic Frozen Towels;2020-05-09;tangible paradigms
8;Iva;Streich;seamless National;Pataca Roads Visionary;false;true;Cambridgeshire Cambodia;2020-05-10;grey;2020-05-09;generating Data
9;Jamison;Johns;disintermediate;navigating Health microchip;false;true;feed Cliff Intelligent;2020-05-10;calculate Bedfordshire deliverables;2020-05-09;Cross-group
10;Fredy;Wisoky;driver dedicated Mississippi;Ways extend;true;false;scale;2020-05-09;Director open architecture;2020-05-09;payment Jamaica Avon
